qs1,qs2,qs3,qs4,qs5,merge1,partition_sort
0.0275571346282959,0.03858375549316406,0.03906989097595215,0.04059743881225586,0.03906869888305664,0.04098844528198242,0.024059295654296875
0.026556730270385742,0.03806495666503906,0.03757357597351074,0.04106950759887695,0.039064645767211914,0.042090415954589844,0.023045063018798828
0.026543855667114258,0.03850269317626953,0.03846907615661621,0.04252219200134277,0.03748583793640137,0.04305911064147949,0.023540019989013672
0.02755117416381836,0.03906416893005371,0.03958582878112793,0.04882955551147461,0.039124488830566406,0.0425875186920166,0.02303934097290039
0.027109384536743164,0.03706192970275879,0.037567138671875,0.04106712341308594,0.03806471824645996,0.0428464412689209,0.02256298065185547
0.027545690536499023,0.03636574745178223,0.03801465034484863,0.042510271072387695,0.03901410102844238,0.04206347465515137,0.02254796028137207
0.027544260025024414,0.03940939903259277,0.03706645965576172,0.04189133644104004,0.03802227973937988,0.042059898376464844,0.024054765701293945
0.02703857421875,0.038068532943725586,0.038065433502197266,0.04106640815734863,0.037715911865234375,0.04206681251525879,0.023540258407592773
0.0280454158782959,0.03708386421203613,0.037061214447021484,0.0470883846282959,0.03858661651611328,0.042424917221069336,0.02312326431274414
0.027550458908081055,0.037563323974609375,0.0380711555480957,0.04210710525512695,0.03987765312194824,0.04158926010131836,0.02303600311279297
0.027563810348510742,0.04007673263549805,0.040105342864990234,0.04350924491882324,0.03899121284484863,0.04257917404174805,0.023549795150756836
0.028045177459716797,0.0380704402923584,0.03856921195983887,0.04006481170654297,0.0385584831237793,0.04355430603027344,0.02302265167236328
0.0270388126373291,0.03703808784484863,0.0389254093170166,0.04559922218322754,0.03894376754760742,0.041826486587524414,0.023037195205688477
0.02797389030456543,0.038581132888793945,0.03764510154724121,0.043495893478393555,0.03807640075683594,0.04258537292480469,0.023036718368530273
0.02806377410888672,0.03907132148742676,0.03807950019836426,0.040575265884399414,0.03906393051147461,0.042578697204589844,0.02304816246032715
0.028792142868041992,0.03757905960083008,0.03891253471374512,0.04099869728088379,0.039014339447021484,0.04301285743713379,0.02300715446472168
0.02755880355834961,0.03846144676208496,0.03800058364868164,0.0430145263671875,0.038982391357421875,0.042096853256225586,0.02445363998413086
0.027579069137573242,0.03757214546203613,0.03929615020751953,0.04309964179992676,0.03855586051940918,0.042404890060424805,0.023030996322631836
0.0270540714263916,0.03906369209289551,0.03706216812133789,0.043563127517700195,0.039087772369384766,0.04157280921936035,0.02303457260131836
0.028569698333740234,0.037558555603027344,0.03906679153442383,0.04306340217590332,0.03857707977294922,0.04327273368835449,0.023540496826171875
0.029069900512695312,0.03755831718444824,0.0405735969543457,0.04374241828918457,0.03857421875,0.04258012771606445,0.023055076599121094
0.02754378318786621,0.03756880760192871,0.039063215255737305,0.04657626152038574,0.03905773162841797,0.04256129264831543,0.02253413200378418
0.028554677963256836,0.03909111022949219,0.03744077682495117,0.040392398834228516,0.03755497932434082,0.04158139228820801,0.023534297943115234
0.02754378318786621,0.03807568550109863,0.04006505012512207,0.04509735107421875,0.038080692291259766,0.04306340217590332,0.022545576095581055
0.026561737060546875,0.04107260704040527,0.03857994079589844,0.04305863380432129,0.03909420967102051,0.04206228256225586,0.02354264259338379
0.027542591094970703,0.0363922119140625,0.03699302673339844,0.040747880935668945,0.03875112533569336,0.04199838638305664,0.023543834686279297
0.027544021606445312,0.03906655311584473,0.037575721740722656,0.041059017181396484,0.040059804916381836,0.041565895080566406,0.023535966873168945
0.027039527893066406,0.038587093353271484,0.04100513458251953,0.042497873306274414,0.041519880294799805,0.04206228256225586,0.023563146591186523
0.02855682373046875,0.03905940055847168,0.03858542442321777,0.045063018798828125,0.03756093978881836,0.042058706283569336,0.023541927337646484
0.027469158172607422,0.03756380081176758,0.03806710243225098,0.042560577392578125,0.039055824279785156,0.042069435119628906,0.024044036865234375
0.02754497528076172,0.03856635093688965,0.03807520866394043,0.040979862213134766,0.03855490684509277,0.0410614013671875,0.024545669555664062
0.0278775691986084,0.03755760192871094,0.03806710243225098,0.045067548751831055,0.03805351257324219,0.0425724983215332,0.02316880226135254
0.02756786346435547,0.03706550598144531,0.039072275161743164,0.04387831687927246,0.03857135772705078,0.04206395149230957,0.023034334182739258
0.027047157287597656,0.03806495666503906,0.038062095642089844,0.041567325592041016,0.039060115814208984,0.04257464408874512,0.023032665252685547
0.02754378318786621,0.03784990310668945,0.03759264945983887,0.04245758056640625,0.03857731819152832,0.045000553131103516,0.034087181091308594
0.034075260162353516,0.039870500564575195,0.03891420364379883,0.04401063919067383,0.03856158256530762,0.041518449783325195,0.024884700775146484
0.027547597885131836,0.03757190704345703,0.03905940055847168,0.043573617935180664,0.03805732727050781,0.04306221008300781,0.023528575897216797
0.027550935745239258,0.03806281089782715,0.03757333755493164,0.046060800552368164,0.03805661201477051,0.041562795639038086,0.023534774780273438
0.02805948257446289,0.03656744956970215,0.03876972198486328,0.04489469528198242,0.0375065803527832,0.04251861572265625,0.02297043800354004
0.02754521369934082,0.03746628761291504,0.03860139846801758,0.04391145706176758,0.03953814506530762,0.04097342491149902,0.02405524253845215
0.027750492095947266,0.03971552848815918,0.03897690773010254,0.04101824760437012,0.03899216651916504,0.04208827018737793,0.022550582885742188
